RSSD9001,RSSD9999,RSSD9017,RSSD9146,RSSD9045,RSSD9101,RSSD9010,BHCT2170,BHSP2170,BHCP2170,BHCA2170
1020180,2022-03-31,BREMER FINANCIAL CORPORATION,1,1,Y,BREMER FNCL CORP,16093642,,1613347,
1020201,2022-03-31,HSBC USA INC.,2,1,Y,HSBC USA,,,34557478,
1020902,2022-03-31,"FIRST NATIONAL OF NEBRASKA, INC.",1,1,Y,FIRST NAT OF NE,27305115,,3348939,
1022764,2022-03-31,CENTRAL PACIFIC FINANCIAL CORP.,1,1,Y,CENTRAL PACIFIC FC,7298819,,599863,
1023220,2022-03-31,B.N.Y. HOLDINGS (DELAWARE) CORPORATION,1,1,Y,BNY HOLD DE CORP,,,93688,
1025309,2022-03-31,BANK OF HAWAII CORPORATION,1,1,Y,BANK OF HI CORP,23000317,,1460333,
1025541,2022-03-31,WESTAMERICA BANCORPORATION,1,1,Y,WESTAMERICA BC,7313417,,716346,
1025608,2022-03-31,"FIRST HAWAIIAN, INC.",1,1,Y,FIRST HAWAIIAN,25042720,,2313159,
1026632,2022-03-31,"CHARLES SCHWAB CORPORATION, THE",,0,Y,CHARLES SCHWAB CORP,680950000,,71902000,
1026801,2022-03-31,FREMONT BANCORPORATION,1,1,Y,FREMONT BC,5554138,,412313,
1029222,2022-03-31,CVB FINANCIAL CORP.,1,1,Y,CVB FC,17539137,,2103546,
1029259,2022-03-31,COMERICA HOLDINGS INCORPORATED,1,1,Y,COMERICA HOLDS,,,79835,
1029286,2022-03-31,"SAN FRANCISCO COMPANY, THE",1,1,Y,SAN FRANCISCO CO,,,540220,
1029464,2022-03-31,W.T.B. FINANCIAL CORPORATION,1,1,Y,WTB FC,11084210,,830165,
1030170,2022-03-31,TRICO BANCSHARES,1,1,Y,TRICO BSHRS,10118328,,1210534,
1031449,2022-03-31,SVB FINANCIAL GROUP,1,1,Y,SVB FNCL GRP,220359000,,18983000,
1032464,2022-03-31,"FINANCIAL INSTITUTIONS, INC.",1,1,Y,FINANCIAL INST,5630498,,527720,
1032473,2022-03-31,DEUTSCHE BANK TRUST CORPORATION,2,1,Y,DEUTSCHE BK TR CORP,,,10799000,
1037003,2022-03-31,M&T BANK CORPORATION,2,1,Y,M&T BK CORP,149825907,,19265769,
1039502,2022-03-31,JPMORGAN CHASE & CO.,2,1,Y,JPMORGAN CHASE & CO,3954687000,,559801000,
1048513,2022-03-31,TRUSTCO BANK CORP NY,,0,Y,TRUSTCO BC NY,6282004,,602235,
1048764,2022-03-31,"CONNECTONE BANCORP, INC.",1,1,Y,CONNECTONE BC,8334301,,1293480,
1048773,2022-03-31,VALLEY NATIONAL BANCORP,1,1,Y,VALLEY NAT BC,43551457,,5883740,
1048812,2022-03-31,ARROW FINANCIAL CORPORATION,2,1,Y,ARROW FC,,,377243,
1048867,2022-03-31,"COMMUNITY BANK SYSTEM, INC.",1,1,Y,COMMUNITY BK SYS,15625883,,1885788,
1048894,2022-03-31,"FIRST OF LONG ISLAND CORPORATION, THE",1,1,Y,FIRST OF LONG ISLAND CORP,,,389501,4190678
1049341,2022-03-31,"COMMERCE BANCSHARES, INC.",1,1,Y,COMMERCE BSHRS,35044801,,3001235,
1049828,2022-03-31,UMB FINANCIAL CORPORATION,1,1,Y,UMB FC,40605742,,3074637,
1050712,2022-03-31,"VALLEY VIEW BANCSHARES, INC.",1,1,Y,VALLEY VIEW BSHRS,,,400116,3522783
1053272,2022-03-31,"PINNACLE BANCORP, INC.",4,1,Y,PINNACLE BC,17832777,,1495220,
1053580,2022-03-31,"FARMERS & MERCHANTS INVESTMENT, INC.",1,1,Y,FARMERS & MRCH INV,6715563,,595402,
1056590,2022-03-31,"UNION STATE BANCSHARES, INC.",1,1,Y,UNION ST BSHRS,,,177552,
1056835,2022-03-31,"CBI-KANSAS, INC.",1,1,Y,CBI KANSAS,,,2533858,
1058398,2022-03-31,"SPEND LIFE WISELY COMPANY, INC.",1,1,Y,SPEND LIFE WISELY CO,13027023,,1235321,
1059715,2022-03-31,AMERICAN NATIONAL CORPORATION,1,1,Y,AMERICAN NAT CORP,,,431708,
1060627,2022-03-31,FIRSTBANK HOLDING COMPANY,1,1,Y,FIRSTBANK HC,28915250,,1643945,
1061679,2022-03-31,ALPINE BANKS OF COLORADO,1,1,Y,ALPINE BK OF CO,6183998,,517878,
1064278,2022-03-31,INTRUST FINANCIAL CORPORATION,1,1,Y,INTRUST FC,7683371,,473473,
1066209,2022-03-31,LAURITZEN CORPORATION,1,1,Y,LAURITZEN CORP,,,1443191,1937911
1066713,2022-03-31,FIRSTSUN CAPITAL BANCORP,1,1,Y,FIRSTSUN CAP BC,5733748,,615794,
1068025,2022-03-31,KEYCORP,1,1,Y,KEYCORP,181472726,,18969010,
1068191,2022-03-31,HUNTINGTON BANCSHARES INCORPORATED,1,1,Y,HUNTINGTON BSHRS,176855518,,22272897,
1069778,2022-03-31,"PNC FINANCIAL SERVICES GROUP, INC., THE",1,1,Y,PNC FNCL SVC GROUP,541469014,,59903216,
1070345,2022-03-31,FIFTH THIRD BANCORP,1,1,Y,FIFTH THIRD BC,211458822,,28191875,
1070448,2022-03-31,"WESBANCO, INC.",1,1,Y,WESBANCO,17105612,,2852926,
1070578,2022-03-31,PEOPLES BANCORP INC.,1,1,Y,PEOPLES BC,7239261,,827797,
1070644,2022-03-31,"COMMUNITY TRUST BANCORP, INC.",1,1,Y,COMMUNITY TR BC,,,716726,5443133
1071191,2022-03-31,FARMERS NATIONAL BANC CORP.,1,1,Y,FARMERS NAT BC,,,484055,
1071276,2022-03-31,FIRST FINANCIAL BANCORP,1,1,Y,FIRST FNCL BC,16009150,,2453734,
1071306,2022-03-31,FIRST COMMONWEALTH FINANCIAL CORPORATION,1,1,Y,FIRST COMMONWEALTH FNCL CORP,9642124,,1144770,
1071397,2022-03-31,"S&T BANCORP, INC.",1,1,Y,S&T BC,9432281,,1214663,
1073757,2022-03-31,BANK OF AMERICA CORPORATION,2,1,Y,BANK OF AMER CORP,3238223000,,548420000,
1074156,2022-03-31,TRUIST FINANCIAL CORPORATION,1,1,Y,TRUIST FC,543979000,,80497000,
1075612,2022-03-31,"FIRST CITIZENS BANCSHARES, INC.",1,1,Y,FIRST CITIZENS BSHRS,108596694,,11134401,
1075694,2022-03-31,"SOUTHERN BANCSHARES (N.C.), INC.",1,1,Y,SOUTHERN BSHRS NC,,,465819,
1075881,2022-03-31,"CHESAPEAKE FINANCIAL SHARES, INC.",1,1,Y,CHESAPEAKE FNCL SHARES,,,126803,
1076217,2022-03-31,"UNITED BANKSHARES, INC.",1,1,Y,UNITED BSHRS,29365511,,4981976,
1076262,2022-03-31,CITY HOLDING COMPANY,1,1,Y,CITY HC,6011189,,642666,
1076431,2022-03-31,FIRST BANCORP,1,1,Y,FIRST BC,10658089,,1191808,
1076691,2022-03-31,AMERICAN NATIONAL BANKSHARES INC.,1,1,Y,AMERICAN NAT BSHRS,,,364382,
1078846,2022-03-31,SYNOVUS FINANCIAL CORP.,1,1,Y,SYNOVUS FC,56419549,,5500508,
1079562,2022-03-31,TRUSTMARK CORPORATION,1,1,Y,TRUSTMARK CORP,17441551,,1818996,
1080595,2022-03-31,"COMMUNITY BANCSHARES OF MISSISSIPPI, INC.",1,1,Y,COMMUNITY BSHRS OF MS,,,337360,
1082067,2022-03-31,AMERIS BANCORP,1,1,Y,AMERIS BC,23560292,,3462150,
1085013,2022-03-31,SEACOAST BANKING CORPORATION OF FLORIDA,1,1,Y,SEACOAST BKG CORP OF FL,10904817,,1428108,
1085509,2022-03-31,"CAPITAL CITY BANK GROUP, INC.",1,1,Y,CAPITAL CITY BK GRP,,,444327,
1086533,2022-03-31,HANCOCK WHITNEY CORPORATION,1,1,Y,HANCOCK WHITNEY CORP,36330468,,3619167,
1094314,2022-03-31,"CENTRAL BANCOMPANY, INC",1,1,Y,CENTRAL BANCOMPANY INC,19948505,,2509635,
1094640,2022-03-31,FIRST HORIZON CORPORATION,1,1,Y,FIRST HORIZON CORP,88661691,,9667169,
1094828,2022-03-31,SIMMONS FIRST NATIONAL CORPORATION,1,1,Y,SIMMONS FIRST NAT CORP,24488056,,3414856,
1095674,2022-03-31,"ARVEST BANK GROUP, INC.",1,1,Y,ARVEST BK GRP,26630625,,2325488,
1096505,2022-03-31,FIRST SECURITY BANCORP,1,1,Y,FIRST SECURITY BANCORP,8499730,,1355898,
1097025,2022-03-31,"REPUBLIC BANCORP, INC.",1,1,Y,REPUBLIC BANCORP,6349868,,853618,
1097182,2022-03-31,"UNITED COMMUNITY BANCORP, INC.",1,1,Y,UNITED CMNTY BC,,,284240,
1097306,2022-03-31,BANCPLUS CORPORATION,1,1,Y,BANCPLUS CORP,6515258,,590619,
1098303,2022-03-31,OLD NATIONAL BANCORP,1,1,Y,OLD NAT BC,45834648,,5804314,
1098620,2022-03-31,"GERMAN AMERICAN BANCORP, INC.",1,1,Y,GERMAN AMER BC,6698380,,730607,
1098648,2022-03-31,"CASS INFORMATION SYSTEMS, INC.",1,1,Y,CASS INFO SYS,,,1236308,
1098844,2022-03-31,RENASANT CORPORATION,1,1,Y,RENASANT CORP,16863757,,2588916,
1099917,2022-03-31,"FIRST STATE BANCSHARES, INC.",1,1,Y,FIRST ST BSHRS,,,387947,
1100028,2022-03-31,UNITY CAPITAL CORPORATION,1,1,Y,UNITY CAP CORP,,,23205,286246
1102312,2022-03-31,"FIRST FINANCIAL BANKSHARES, INC.",1,1,Y,FIRST FNCL BSHRS,13314200,,1516656,
1102367,2022-03-31,"CULLEN/FROST BANKERS, INC.",1,1,Y,CULLEN/FROST BKR,51332733,,4030796,
1103766,2022-03-31,LONGVIEW FINANCIAL CORPORATION,1,1,Y,LONGVIEW FC,,,385017,
1104231,2022-03-31,INTERNATIONAL BANCSHARES CORPORATION,5,1,Y,INTERNATIONAL BSHRS CORP,16136688,,2288158,
1106879,2022-03-31,"BROADWAY BANCSHARES, INC.",1,1,Y,BROADWAY BSHRS,,,450640,5353515
1107205,2022-03-31,"AMARILLO NATIONAL BANCORP, INC.",1,1,Y,AMARILLO NAT BC,7947110,,811492,
1108097,2022-03-31,"FIRST COMMUNITY BANCSHARES, INC.",1,1,Y,FIRST CMNTY BSHRS,,,237939,
1109094,2022-03-31,INDEPENDENT BANKERS FINANCIAL CORPORATION,1,1,Y,INDEPENDENT BKR FC,,,348830,
1109599,2022-03-31,"PROSPERITY BANCSHARES, INC.",1,1,Y,PROSPERITY BSHRS,38285059,,6504424,
1111435,2022-03-31,STATE STREET CORPORATION,1,1,Y,STATE STREET CORP,322350000,,43112000,
1115013,2022-03-31,CAMBRIDGE BANCORP,1,1,Y,CAMBRIDGE BC,,,436165,
1115349,2022-03-31,"WASHINGTON TRUST BANCORP, INC.",1,1,Y,WASHINGTON TR BC,5850280,,546175,
1115385,2022-03-31,BAR HARBOR BANKSHARES,1,1,Y,BAR HARBOR BSHRS,,,472602,
1116609,2022-03-31,UNIVEST FINANCIAL CORPORATION,1,1,Y,UNIVEST FC,7107740,,879417,
1117129,2022-03-31,FULTON FINANCIAL CORPORATION,1,1,Y,FULTON FNCL CORP,25544150,,3278639,
1118340,2022-03-31,CNB FINANCIAL CORPORATION,1,1,Y,CNB FC,5284000,,531858,
1118434,2022-03-31,QNB CORP.,1,1,Y,QNB CORP,,,103078,
1118797,2022-03-31,FB CORPORATION,1,1,Y,FB CORP,6954858,,593150,
1118854,2022-03-31,"INDEPENDENCE BANCSHARES, INC.",1,1,Y,INDEPENDENCE BSHRS,,,239425,
1119794,2022-03-31,U.S. BANCORP,1,1,Y,U S BC,586517000,,71948650,
1120754,2022-03-31,WELLS FARGO & COMPANY,3,1,Y,WELLS FARGO & CO,1939709000,,375637000,
1121229,2022-03-31,"DACOTAH BANKS, INC.",1,1,Y,DACOTAH BKS,,,365791,
1121340,2022-03-31,OTTO BREMER TRUST,1,1,Y,OTTO BREMER TR,,,1502224,
1123072,2022-03-31,FISHBACK FINANCIAL CORPORATION,1,1,Y,FISHBACK FC,,,479920,4205198
1123670,2022-03-31,"FIRST INTERSTATE BANCSYSTEM, INC.",1,1,Y,FIRST INTRST BANCSYSTEM,33163459,,3734157,
1125030,2022-03-31,"CHOICE FINANCIAL HOLDINGS, INC.",1,1,Y,CHOICE FNCL HOLD,,,386509,3163151
1126046,2022-03-31,STOCKMAN FINANCIAL CORPORATION,1,1,Y,STOCKMAN FC,5768038,,493743,
1128358,2022-03-31,FRANDSEN FINANCIAL CORPORATION,3,1,Y,FRANDSEN FC,,,292904,
1129382,2022-03-31,"POPULAR, INC.",2,1,Y,POPULAR,69546000,,5190408,
1130249,2022-03-31,CAMDEN NATIONAL CORPORATION,1,1,Y,CAMDEN NAT CORP,5420415,,549375,
1130584,2022-03-31,"RCB HOLDING COMPANY, INC.",1,1,Y,RCB HC,,,352672,
1131497,2022-03-31,"SMARTFINANCIAL, INC.",1,1,Y,SMARTFINANCIAL,4718579,,470858,
1132104,2022-03-31,FB FINANCIAL CORPORATION,1,1,Y,FB FC,12674191,,1410775,
1132449,2022-03-31,"CITIZENS FINANCIAL GROUP, INC.",1,1,Y,CITIZENS FNCL GRP,192471585,,25407163,
1132672,2022-03-31,FIRST UNITED CORPORATION,1,1,Y,FIRST UNITED CORP,,,173420,
1133286,2022-03-31,BANCFIRST CORPORATION,3,1,Y,BANCFIRST CORP,12624478,,1274182,
1133437,2022-03-31,SOUTHSTATE CORPORATION,1,1,Y,SOUTHSTATE CORP,46076722,,5584814,
1133503,2022-03-31,CANANDAIGUA NATIONAL CORPORATION,1,1,Y,CANANDAIGUA NAT CORP,,,363549,
1133594,2022-03-31,CHEMUNG FINANCIAL CORPORATION,1,1,Y,CHEMUNG FC,,,187080,
1133781,2022-03-31,BRAVERA HOLDINGS CORP.,3,1,Y,BRAVERA HOLDS CORP,,,293526,
1134498,2022-03-31,"INWOOD BANCSHARES, INC.",1,1,Y,INWOOD BSHRS,,,406020,4324369
1135048,2022-03-31,"WATFORD CITY BANCSHARES, INC.",1,1,Y,WATFORD CITY BSHRS,,,345955,
1135972,2022-03-31,AMERANT BANCORP INC.,1,1,Y,AMERANT BC,7805836,,843983,
1136661,2022-03-31,"OCEAN BANKSHARES, INC.",1,1,Y,OCEAN BSHRS,,,551854,
1136803,2022-03-31,INDEPENDENT BANK CORP.,1,1,Y,INDEPENDENT BC,20161270,,3102492,
1137453,2022-03-31,"FORESIGHT FINANCIAL GROUP, INC.",6,1,Y,FORESIGHT FNCL GRP,,,142560,1458385
1137770,2022-03-31,"WOODFOREST FINANCIAL GROUP, INC.",1,1,Y,WOODFOREST FNCL GRP,9834463,,1169679,
1138423,2022-03-31,OVERTON FINANCIAL CORPORATION,1,1,Y,OVERTON FC,,,164334,
1139279,2022-03-31,NBT BANCORP INC.,1,1,Y,NBT BC,12147833,,1450699,
1139532,2022-03-31,"CIB MARINE BANCSHARES, INC.",1,1,Y,CIB MARINE BSHRS,,,99869,
1140239,2022-03-31,"CITIZENS BANCORP INVESTMENT, INC.",1,1,Y,CITIZENS BC INV,,,136261,
1141348,2022-03-31,MINNWEST CORPORATION,1,1,Y,MINNWEST CORP,,,279957,
1142309,2022-03-31,"MIDWEST INDEPENDENT BANCSHARES, INC.",1,1,Y,MIDWEST INDEP BSHRS,,,56554,
1142336,2022-03-31,PARK NATIONAL CORPORATION,1,1,Y,PARK NAT CORP,9576352,,1282872,
1145476,2022-03-31,WEBSTER FINANCIAL CORPORATION,1,1,Y,WEBSTER FNCL CORP,65131485,,9315962,
1199563,2022-03-31,ASSOCIATED BANC-CORP,1,1,Y,ASSOCIATED BANC-CORP,34955900,,4242649,
1199602,2022-03-31,1ST SOURCE CORPORATION,1,1,Y,1ST SOURCE CORP,8014982,,971312,
1199611,2022-03-31,NORTHERN TRUST CORPORATION,1,1,Y,NORTHERN TR CORP,172564967,,15571728,
1199844,2022-03-31,COMERICA INCORPORATED,2,1,Y,COMERICA,89318000,,8962930,
1199974,2022-03-31,FIRST AMERICAN BANK CORPORATION,1,1,Y,FIRST AMER BK CORP,5984084,,423296,
1201457,2022-03-31,"AMBANK COMPANY, INC.",2,1,Y,AMBANK CO,,,181962,
1201671,2022-03-31,BTC FINANCIAL CORPORATION,1,1,Y,BTC FC,5692666,,522737,
1201925,2022-03-31,INDEPENDENT BANK CORPORATION,1,1,Y,INDEPENDENT BK CORP,,,437177,
1203602,2022-03-31,FIRST BUSEY CORPORATION,1,1,Y,FIRST BUSEY CORP,12567509,,1579235,
1204560,2022-03-31,"FIRST BANCSHARES, INC.",1,1,Y,FIRST BSHRS,6227925,,594394,
1204627,2022-03-31,"BYLINE BANCORP, INC.",1,1,Y,BYLINE BC,6834636,,901433,
1205183,2022-03-31,"IDA GROVE BANCSHARES, INC.",1,1,Y,IDA GROVE BSHRS,,,198466,2127455
1206313,2022-03-31,"FIRST NATIONAL BANCSHARES, INC.",1,1,Y,FIRST NAT BSHRS,,,322547,
1206546,2022-03-31,"HEARTLAND FINANCIAL USA, INC.",11,1,Y,HEARTLAND FNCL USA,19230879,,2338716,
1206760,2022-03-31,"FIRST MID BANCSHARES, INC.",2,1,Y,FIRST MID BSHRS,6632006,,783365,
1206911,2022-03-31,"OLD SECOND BANCORP, INC.",1,1,Y,OLD SECOND BC,6223746,,610875,
1208120,2022-03-31,"HBT FINANCIAL, INC.",1,1,Y,HBT FNCL,,,460972,
1208559,2022-03-31,FIRST MERCHANTS CORPORATION,1,1,Y,FIRST MRCHS CORP,15465258,,1932396,
1208595,2022-03-31,FIRST FINANCIAL CORPORATION,1,1,Y,FIRST FC,,,528056,
1208906,2022-03-31,LAKELAND FINANCIAL CORPORATION,1,1,Y,LAKELAND FC,6575170,,609160,
1209136,2022-03-31,"HORIZON BANCORP, INC.",1,1,Y,HORIZON BC,7370274,,812740,
1210066,2022-03-31,"WEST BANCORPORATION, INC.",1,1,Y,WEST BC,,,296992,
1210169,2022-03-31,LINCOLN BANCORP,1,1,Y,LINCOLN BC,,,169236,
1245068,2022-03-31,"SOUTHSIDE BANCSHARES, INC.",1,1,Y,SOUTHSIDE BSHRS,7119115,,947665,
1245228,2022-03-31,"MIDWESTONE FINANCIAL GROUP, INC.",1,1,Y,MIDWESTONE FNCL GRP,5960214,,611614,
1245291,2022-03-31,HILLS BANCORPORATION,1,1,Y,HILLS BC,,,469967,4150662
1245415,2022-03-31,BMO FINANCIAL CORP.,2,1,Y,BMO FNCL CORP,195077264,,26496779,
1245620,2022-03-31,BANK LEUMI LE-ISRAEL CORPORATION,1,1,Y,BANK LEUMI LE-ISRAEL CORP,8202344,,867321,
1246159,2022-03-31,"BESSEMER GROUP, INCORPORATED, THE",2,1,Y,BESSEMER GRP,,,798315,
1246467,2022-03-31,TAMPA BAY BANKING COMPANY,1,1,Y,TAMPA BAY BKG CO,,,208260,
1246533,2022-03-31,"CIVISTA BANCSHARES, INC",1,1,Y,CIVISTA BSHRS,,,433386,
1247428,2022-03-31,"FIRST BUSINESS FINANCIAL SERVICES, INC.",1,1,Y,FIRST BUS FS,,,290486,
1247576,2022-03-31,215 HOLDING CO.,5,1,Y,215 HC,,,117693,
1247679,2022-03-31,"SUMMIT FINANCIAL GROUP, INC.",1,1,Y,SUMMIT FNCL GROUP,,,459031,
1248153,2022-03-31,"ORRSTOWN FINANCIAL SERVICES, INC.",1,1,Y,ORRSTOWN FNCL SVC,,,287612,
1248304,2022-03-31,"SANDY SPRING BANCORP, INC.",1,1,Y,SANDY SPRING BC,12967417,,1862253,
1249002,2022-03-31,"FIDELITY BANCSHARES (N.C.), INC.",1,1,Y,FIDELITY BSHRS NC,,,330395,
1249196,2022-03-31,TD BANK US HOLDING COMPANY,2,1,Y,TD BK US HC,,,51200871,
1249347,2022-03-31,"UNITED COMMUNITY BANKS, INC.",1,1,Y,UNITED CMNTY BK,24376955,,3089095,
1249730,2022-03-31,"STOCK YARDS BANCORP, INC.",1,1,Y,STOCK YARDS BC,7790533,,785869,
1250101,2022-03-31,FIRST AMERICAN FINANCIAL CORPORATION,,0,Y,FIRST AMER FC,,,7811585,
1275216,2022-03-31,AMERICAN EXPRESS COMPANY,1,1,Y,AMERICAN EXPRESS CO,195862000,,51450628,
1378434,2022-03-31,MUFG AMERICAS HOLDINGS CORPORATION,1,1,Y,MUFG AMERS HOLDS CORP,159222509,,23661780,
1379552,2022-03-31,BAC NORTH AMERICA HOLDING COMPANY,2,1,Y,BAC N AMER HC,,,241949000,
1398807,2022-03-31,"REPUBLIC FIRST BANCORP, INC.",1,1,Y,REPUBLIC FIRST BC,5704929,,292987,
1399073,2022-03-31,HEARTLAND BANCCORP,1,1,Y,HEARTLAND BC,,,173791,
1399484,2022-03-31,DICKINSON FINANCIAL CORPORATION,2,1,Y,DICKINSON FC,,,564567,
1399765,2022-03-31,1867 WESTERN FINANCIAL CORPORATION,1,1,Y,1867 WESTERN FC,,,705813,
1404632,2022-03-31,"FIRST BANKERS TRUSTSHARES, INC.",1,1,Y,FIRST BKR TRUSTSHARES,,,90512,
1404799,2022-03-31,"LAKELAND BANCORP, INC.",1,1,Y,LAKELAND BC,10279965,,1283457,
1416523,2022-03-31,"DIME COMMUNITY BANCSHARES, INC.",1,1,Y,DIME CMNTY BSHRS,12078250,,1363398,
1417333,2022-03-31,"STATE BANKSHARES, INC.",1,1,Y,STATE BSHRS,10362532,,1383129,
1427239,2022-03-31,EASTERN BANKSHARES INC,1,1,Y,EASTERN BSHRS,22837569,,3008718,
1427275,2022-03-31,"STEARNS FINANCIAL SERVICES, INC.",3,1,Y,STEARNS FNCL SVC,,,567288,
1447376,2022-03-31,UNITED SERVICES AUTOMOBILE ASSOCIATION,,0,Y,UNITED SVC AUTO ASSN,,,48790000,
1447385,2022-03-31,USAA CAPITAL CORP.,,0,Y,USAA CAP CORP,,,8709000,
1469314,2022-03-31,"PNC BANCORP, INC.",1,1,Y,PNC BC,,,46726374,
1478017,2022-03-31,"FIRST COMMUNITY BANKSHARES, INC.",1,1,Y,FIRST CMNTY BSHRS,,,424868,
1486517,2022-03-31,CTBC CAPITAL CORP.,1,1,Y,CTBC CAP CORP,,,625305,4487737
1490701,2022-03-31,"JOHNSON FINANCIAL GROUP, INC.",1,1,Y,JOHNSON FNCL GRP,6153711,,893523,
1491351,2022-03-31,"MIDLAND STATES BANCORP, INC.",1,1,Y,MIDLAND STATES BANCORP,7338715,,836004,
1491409,2022-03-31,"HOME BANCSHARES, INC.",1,1,Y,HOME BSHRS,18617995,,3365737,
1562859,2022-03-31,ALLY FINANCIAL INC.,1,1,Y,ALLY FNCL,184297000,,25460000,
1574834,2022-03-31,"CREDIT SUISSE HOLDINGS (USA), INC.",,0,Y,CREDIT SUISSE HOLD USA,95932629,,75678451,
1575569,2022-03-31,"BNP PARIBAS USA, INC.",1,1,Y,BNP PARIBAS USA,157612515,,23030083,
1842421,2022-03-31,UNITED NATIONAL CORPORATION,1,1,Y,UNITED NAT CORP,,,1808478,
1843062,2022-03-31,"HAPPY BANCSHARES, INC.",1,1,Y,HAPPY BSHRS,6755152,,785296,
1843080,2022-03-31,CATHAY GENERAL BANCORP,1,1,Y,CATHAY GEN BC,20866570,,2552235,
1845673,2022-03-31,"ARVEST HOLDINGS, INC.",1,1,Y,ARVEST HOLDINGS,,,2299766,
1862036,2022-03-31,"GUARANTY BANCSHARES, INC.",1,1,Y,GUARANTY BSHRS,,,346803,
1883693,2022-03-31,BOK FINANCIAL CORPORATION,1,1,Y,BOK FC,46890259,,4985995,
1885307,2022-03-31,"ORIGIN BANCORP, INC.",1,1,Y,ORIGIN BC,8112295,,767989,
1895007,2022-03-31,"A.N.B. HOLDING COMPANY, LTD.",1,1,Y,ANB HC,,,87714,
1917600,2022-03-31,"VERABANK, INC.",1,1,Y,VERABANK,,,354152,
1944204,2022-03-31,"MID PENN BANCORP, INC.",1,1,Y,MID PENN BC,,,569799,
1951350,2022-03-31,CITIGROUP INC.,1,1,Y,CITIGROUP,2394105000,,392560000,
1971693,2022-03-31,ATLANTIC UNION BANKSHARES CORPORATION,1,1,Y,ATLANTIC UNION BSHRS CORP,19783147,,2941687,
1975075,2022-03-31,OVERTON DELAWARE CORPORATION,1,1,Y,OVERTON DE CORP,,,144273,
1988646,2022-03-31,"FIRST BANCORP, INC.",1,1,Y,FIRST BC,,,275045,
2003975,2022-03-31,"GLACIER BANCORP, INC.",1,1,Y,GLACIER BC,26100324,,3102073,
2004141,2022-03-31,WILSON BANK HOLDING COMPANY,1,1,Y,WILSON BHC,,,382848,
2012315,2022-03-31,"VILLAGES BANCORPORATION, INC.",1,1,Y,VILLAGES BC,,,328541,
2033226,2022-03-31,"SOUTH PLAINS FINANCIAL, INC.",1,1,Y,SOUTH PLAINS FNCL,,,511798,
2038409,2022-03-31,"HAWTHORN BANCSHARES, INC",1,1,Y,HAWTHORN BSHRS,,,187830,
2067007,2022-03-31,ALERUS FINANCIAL CORPORATION,1,1,Y,ALERUS FC,,,395259,
2078816,2022-03-31,"COLUMBIA BANKING SYSTEM, INC.",1,1,Y,COLUMBIA BKG SYS,20965562,,2385341,
2089036,2022-03-31,"EMIGRANT BANCORP, INC.",2,1,Y,EMIGRANT BC,,,1496981,
2107707,2022-03-31,DICKINSON FINANCIAL CORPORATION II,2,1,Y,DICKINSON FC II,,,493231,
2112439,2022-03-31,"INDUSTRY BANCSHARES, INC.",6,1,Y,INDUSTRY BSHRS,5304297,,335643,
2125813,2022-03-31,"QCR HOLDINGS, INC.",4,1,Y,QCR HOLDS,6175819,,833060,
2126977,2022-03-31,BANNER CORPORATION,1,1,Y,BANNER CORP,16776171,,1749948,
2132932,2022-03-31,"NEW YORK COMMUNITY BANCORP, INC.",1,1,Y,NEW YORK CMNTY BC,61005398,,7581993,
2138466,2022-03-31,"POPULAR NORTH AMERICA, INC.",1,1,Y,POPULAR N AMER,,,1860933,
2149622,2022-03-31,"NATIONAL BANK OF INDIANAPOLIS CORPORATION, THE",1,1,Y,NATIONAL BK INDIANAPOLIS CORP,,,224498,
2158156,2022-03-31,"CENTRAL BANCSHARES, INC.",1,1,Y,CENTRAL BSHRS,,,363124,
2162966,2022-03-31,MORGAN STANLEY,2,1,Y,MORGAN STANLEY,1222233000,,362673847,
2166124,2022-03-31,HERITAGE FINANCIAL CORPORATION,1,1,Y,HERITAGE FC,7483814,,843018,
2170804,2022-03-31,"SMBC AMERICAS HOLDINGS, INC.",1,1,Y,SMBC AMERS HOLDS,33237730,,5889722,
2173092,2022-03-31,NB HOLDINGS CORPORATION,2,1,Y,N B HOLDINGS CORP,,,557793000,
2233950,2022-03-31,"OLNEY BANCSHARES OF TEXAS, INC.",1,1,Y,OLNEY BSHRS OF TX,,,499919,3975015
2259503,2022-03-31,LINDALE DELAWARE CORPORATION,1,1,Y,LINDALE DE CORP,,,26050,
2259530,2022-03-31,LONGVIEW DELAWARE CORPORATION,1,1,Y,LONGVIEW DE CORP,,,384332,
2260406,2022-03-31,WINTRUST FINANCIAL CORPORATION,15,1,Y,WINTRUST FC,50250661,,5503932,
2277860,2022-03-31,CAPITAL ONE FINANCIAL CORPORATION,2,1,Y,CAPITAL ONE FC,434195249,,80533583,
2303910,2022-03-31,ENTERPRISE FINANCIAL SERVICES CORP,1,1,Y,ENTERPRISE FS CORP,13706769,,1654685,
2326629,2022-03-31,"ANB CORPORATION, THE",1,1,Y,ANB CORP,,,379762,
2333663,2022-03-31,"BERKSHIRE HILLS BANCORP, INC",1,1,Y,BERKSHIRE HILLS BC,12100708,,1191773,
2339133,2022-03-31,"GREAT SOUTHERN BANCORP, INC.",1,1,Y,GREAT SOUTHERN BC,5378867,,688440,
2341743,2022-03-31,"INWOOD DELAWARE, INC.",1,1,Y,INWOOD DE,,,395351,
2349815,2022-03-31,WESTERN ALLIANCE BANCORPORATION,1,1,Y,WESTERN ALLI BC,60576061,,5699657,
2367921,2022-03-31,TOMPKINS FINANCIAL CORPORATION,1,1,Y,TOMPKINS FNCL CORP,7891111,,658281,
2368106,2022-03-31,SNBNY HOLDINGS LIMITED,1,1,N,SNBNY HOLD,9989102,,978993,
2380443,2022-03-31,"GOLDMAN SACHS GROUP, INC., THE",1,1,Y,GOLDMAN SACHS GROUP THE,1589443000,,448685000,
2385493,2022-03-31,"FIRST BANCSHARES, INC., THE",1,1,Y,FIRST BSHRS,6197819,,736565,
2390013,2022-03-31,"META FINANCIAL GROUP, INC.",1,1,Y,META FNCL GRP,6887248,,862559,
2393274,2022-03-31,FLUSHING FINANCIAL CORPORATION,1,1,Y,FLUSHING FC,8169833,,860549,
2398082,2022-03-31,NATIONAL CONSUMER COOPERATIVE BANK,1,1,Y,NATIONAL CONSUMER CO-OP BK,,,430560,
2429838,2022-03-31,"SHORE BANCSHARES, INC.",1,1,Y,SHORE BSHRS,,,396329,
2433312,2022-03-31,"AMERIPRISE FINANCIAL, INC.",,0,Y,AMERIPRISE FNCL,,,9607261,
2454380,2022-03-31,"ARBOR BANCORP, INC.",1,1,Y,ARBOR BC,,,342296,
2461016,2022-03-31,"ENTERPRISE BANCORP, INC.",1,1,Y,ENTERPRISE BC,,,370216,
2477754,2022-03-31,"INVESTORS BANCORP, INC.",1,1,Y,INVESTORS BC,27988623,,2949642,
2490575,2022-03-31,OFG BANCORP,1,1,Y,OFG BC,10190120,,1049316,
2531245,2022-03-31,"CARVER BANCORP, INC.",,0,Y,CARVER BC,735314,,72145,
2568278,2022-03-31,MIDLAND FINANCIAL CO.,,0,Y,MIDLAND FC,32273320,,3283313,
2571111,2022-03-31,"COLUMBIA FINANCIAL, INC.",,0,Y,COLUMBIA FNCL,,,1070269,
2571120,2022-03-31,COLUMBIA BANK MHC,,0,Y,COLUMBIA BK MHC,9235470,,678404,
2589714,2022-03-31,MB MUTUAL HOLDING COMPANY,1,1,Y,MB MUT HC,,,203480,
2589723,2022-03-31,"MB BANCORP, INC.",1,1,Y,MB BC,,,232490,
2592714,2022-03-31,"HOMETOWN COMMUNITY BANCORP, INC.",1,1,Y,HOMETOWN CMNTY BC,4981382,,422266,
2608763,2022-03-31,MERCANTILE BANK CORPORATION,1,1,Y,MERCANTILE BK CORP,,,576365,
2609975,2022-03-31,OCEANFIRST FINANCIAL CORP.,1,1,Y,OCEANFIRST FNCL CORP,12173262,,1722212,
2611718,2022-03-31,AMBOY BANCORPORATION,1,1,Y,AMBOY BC,,,354690,
2631510,2022-03-31,"BROOKLINE BANCORP, INC.",2,1,Y,BROOKLINE BC,8648933,,1082250,
2634874,2022-03-31,HERITAGE COMMERCE CORP,1,1,Y,HERITAGE CMRC CORP,5427398,,641879,
2651590,2022-03-31,PEAPACK-GLADSTONE FINANCIAL CORPORATION,1,1,Y,PEAPACK-GLADSTONE FC,6255664,,657954,
2652104,2022-03-31,"EAGLE BANCORP, INC.",1,1,Y,EAGLE BC,11224374,,1360877,
2687795,2022-03-31,"CAMBRIDGE FINANCIAL GROUP, INC.",1,1,Y,CAMBRIDGE FNCL GROUP,5382185,,574437,
2706735,2022-03-31,"TEXAS CAPITAL BANCSHARES, INC.",1,1,Y,TEXAS CAP BSHRS,31085377,,3569964,
2734233,2022-03-31,"EAST WEST BANCORP, INC.",1,1,Y,EAST WEST BC,62241456,,5858804,
2737814,2022-03-31,"NORTHPOINTE BANCSHARES, INC.",1,1,Y,NORTHPOINTE BSHRS,,,462515,4382178
2741679,2022-03-31,"WFC HOLDINGS, LLC",3,1,Y,WFC HOLDS LLC,,,352852000,
2744894,2022-03-31,FIRST BANCORP,1,1,Y,FIRST BC,19929037,,1971666,
2747644,2022-03-31,UMPQUA HOLDINGS CORPORATION,1,1,Y,UMPQUA HC,30637126,,3023657,
2781910,2022-03-31,FARMERS & MERCHANTS BANCORP,1,1,Y,FARMERS & MRCH BC,,,476066,
2810285,2022-03-31,"SOUTH CENTRAL BANCSHARES OF KENTUCKY, INC.",1,1,Y,SOUTH CENTRAL BSHRS OF KY,,,166808,
2816906,2022-03-31,DB USA CORPORATION,2,1,Y,DB USA CORP,120429000,,34905000,
2818245,2022-03-31,"PEOPLES BANCORP OF NORTH CAROLINA, INC.",1,1,Y,PEOPLES BC OF NC,,,140943,
2820211,2022-03-31,METROPOLITAN BANK HOLDING CORP.,1,1,Y,METROPOLITAN BK HOLD CORP,6623158,,577007,
2849799,2022-03-31,"SOUTHERN FIRST BANCSHARES, INC.",1,1,Y,SOUTHERN FIRST BSHRS,,,314658,
2858951,2022-03-31,"BANCORP, INC., THE",1,1,Y,BANCORP,7082660,,764705,
2875332,2022-03-31,PACWEST BANCORP,1,1,Y,PACWEST BC,39249639,,3790810,
2894230,2022-03-31,"DISCOUNT BANCORP, INC.",1,1,Y,DISCOUNT BC,12979545,,1116123,
2900261,2022-03-31,HANMI FINANCIAL CORPORATION,1,1,Y,HANMI FC,6737052,,751415,
2914521,2022-03-31,BARCLAYS GROUP US INC.,1,1,Y,BARCLAYS GROUP US,,,26484000,
2925657,2022-03-31,"PINNACLE FINANCIAL PARTNERS, INC.",1,1,Y,PINNACLE FNCL PTNR,39400378,,5723494,
2935142,2022-03-31,"BOU BANCORP, INC.",1,1,Y,BOU BC,,,248458,
2942702,2022-03-31,"STURM FINANCIAL GROUP, INC.",1,1,Y,STURM FNCL GROUP INC,,,203497,
2961879,2022-03-31,"HOPE BANCORP, INC.",1,1,Y,HOPE BC,17804047,,2365877,
2976396,2022-03-31,SIERRA BANCORP,1,1,Y,SIERRA BC,,,413373,3418854
2990244,2022-03-31,FIFTH THIRD FINANCIAL CORPORATION,1,1,Y,FIFTH THIRD FNCL CORP,,,22096292,
3005332,2022-03-31,F.N.B. CORPORATION,1,1,Y,FNB CORP,42054781,,6335414,
3030307,2022-03-31,"LANDMARK BANCORP, INC.",1,1,Y,LANDMARK BC INC,,,145272,
3063622,2022-03-31,STIFEL FINANCIAL CORP.,2,1,Y,STIFEL FNCL CORP,35087698,,6374370,
3065617,2022-03-31,"WASHINGTON FEDERAL, INC.",1,1,Y,WASHINGTON FED INC,20560279,,2195593,
3099443,2022-03-31,KEARNY FINANCIAL CORPORATION,,0,Y,KEARNY FNCL CORP,7389891,,955382,
3103603,2022-03-31,"NICOLET BANKSHARES, INC.",1,1,Y,NICOLET BSHRS,,,1032036,
3132863,2022-03-31,"NORTHFIELD BANCORP, INC.",,0,Y,NORTHFIELD BC,,,715741,5518038
3133637,2022-03-31,"PROVIDENT FINANCIAL SERVICES, INC.",1,1,Y,PROVIDENT FNCL SVC,13617014,,1634205,
3140288,2022-03-31,"INDEPENDENT BANK GROUP, INC.",1,1,Y,INDEPENDENT BK GRP,17963253,,2849344,
3153130,2022-03-31,"BANC OF CALIFORNIA, INC.",1,1,Y,BANC OF CA,9583540,,1286967,
3180547,2022-03-31,"EQUITY BANCSHARES, INC.",1,1,Y,EQUITY BSHRS,,,553686,
3186585,2022-03-31,"PEOPLESBANCORP, MHC",1,1,Y,PEOPLESBC MHC,,,342251,
3189728,2022-03-31,"STIFEL BANCORP, INC.",2,1,Y,STIFEL BC,,,1782915,
3189906,2022-03-31,"FIRST WESTERN FINANCIAL, INC.",1,1,Y,FIRST WESTERN FNCL,,,255971,
3211601,2022-03-31,MVB FINANCIAL CORP.,1,1,Y,MVB FC,,,349063,2904156
3212091,2022-03-31,NEW YORK PRIVATE BANK & TRUST CORPORATION,2,1,Y,NEW YORK PRIV B&TR CORP,5923925,,1191088,
3226762,2022-03-31,RBC USA HOLDCO CORPORATION,2,1,Y,RBC USA HOLDCO CORP,,,23582450,
3232316,2022-03-31,HSBC NORTH AMERICA HOLDINGS INC.,2,1,Y,HSBC N AMER HOLDS,231038682,,28208943,
3233126,2022-03-31,"TRIUMPH BANCORP, INC.",1,1,Y,TRIUMPH BC,6076435,,1038450,
3242838,2022-03-31,REGIONS FINANCIAL CORPORATION,1,1,Y,REGIONS FC,164366000,,19058000,
3256134,2022-03-31,BANK7 CORP,1,1,Y,BANK7 CORP,,,130655,
3266227,2022-03-31,"SOUTHERN MISSOURI BANCORP, INC.",1,1,Y,SOUTHERN MO BC,,,348650,
3292217,2022-03-31,SAFRA NEW YORK CORPORATION,1,1,Y,SAFRA NY CORP,,,1112729,
3316917,2022-03-31,PREMIER FINANCIAL CORP.,1,1,Y,PREMIER FNCL CORP,7594737,,1029296,
3325740,2022-03-31,PRIMIS FINANCIAL CORP.,1,1,Y,PRIMIS FNCL CORP,,,501983,
3365858,2022-03-31,SALEM FIVE BANCORP,1,1,Y,SALEM FIVE BC,6041810,,708749,
3375370,2022-03-31,CITICORP LLC,1,1,Y,CITICORP LLC,,,381794000,
3378764,2022-03-31,"BRIDGEWATER BANCSHARES, INC.",1,1,Y,BRIDGEWATER BSHRS,,,473078,
3391129,2022-03-31,"FORBRIGHT, INC.",1,1,Y,FORBRIGHT,,,737482,
3393178,2022-03-31,FIRST INTERNET BANCORP,1,1,Y,FIRST INTERNET BC,,,480868,
3446412,2022-03-31,"APPLE FINANCIAL HOLDINGS, INC.",1,1,Y,APPLE FNCL HOLD,16144860,,1315553,
3475074,2022-03-31,"TRISTATE CAPITAL HOLDINGS, INC",1,1,Y,TRISTATE CAP HLD INC,13677667,,1067928,
3488850,2022-03-31,"BUSINESS FIRST BANCSHARES, INC.",1,1,Y,BUSINESS FIRST BSHRS,,,573286,
3489594,2022-03-31,"PACIFIC PREMIER BANCORP, INC.",1,1,Y,PACIFIC PREMIER BC,21622296,,3121922,
3530786,2022-03-31,MERCHANTS BANCORP,2,1,Y,MERCHANTS BC,,,1212847,9650592
3547999,2022-03-31,"BANGOR BANCORP, MHC",1,1,Y,BANGOR BC MHC,6922319,,450464,
3587146,2022-03-31,"BANK OF NEW YORK MELLON CORPORATION, THE",3,1,Y,BANK OF NY MELLON CORP,473811000,,72835000,
3590388,2022-03-31,BANK OF MARIN BANCORP,1,1,Y,BANK OF MARIN BC,,,420717,
3594872,2022-03-31,"CBTX, INC.",1,1,Y,CBTX,,,543357,
3602245,2022-03-31,"BIG POPPY HOLDINGS, INC.",1,1,Y,BIG POPPY HOLDS,,,392345,
3606542,2022-03-31,TD GROUP US HOLDINGS LLC,2,1,Y,TD GRP US HOLDS LLC,524292372,,52327340,
3635319,2022-03-31,"SERVISFIRST BANCSHARES, INC.",1,1,Y,SERVISFIRST BSHRS,15339419,,1250356,
3650152,2022-03-31,"PEOPLE'S UNITED FINANCIAL, INC.",1,1,Y,PEOPLES UNITED FNCL INC,62994792,,8097712,
3695667,2022-03-31,SILVERGATE CAPITAL CORPORATION,1,1,Y,SILVERGATE CAP CORP,15798013,,1563892,
3728930,2022-03-31,HOMETOWN FINANCIAL GROUP MHC,3,1,Y,HOMETOWN FNCL GRP MHC,,,388500,
3728958,2022-03-31,"HOMETOWN FINANCIAL GROUP, INC",3,1,Y,HOMETOWN FNCL GRP,,,394121,
3744239,2022-03-31,"ALLEGIANCE BANCSHARES, INC.",1,1,Y,ALLEGIANCE BSHRS,7149403,,822476,
3762457,2022-03-31,"BCI FINANCIAL GROUP, INC.",1,1,Y,BCI FNCL GRP,22107904,,2093111,
3793536,2022-03-31,"AMERICAN EXPRESS TRAVEL RELATED SERVICES COMPANY, INC.",1,1,Y,AMERICAN EXPRESS TRAV RELATED,,,59062998,
3808122,2022-03-31,"SOUTHEAST BANCORP, INC.",1,1,Y,SOUTHEAST BC,,,228313,
3808131,2022-03-31,"EDUCATION LOAN FINANCE, INC.",1,1,Y,EDUCATION LOAN FNC,,,796912,
3814208,2022-03-31,LUTHER BURBANK CORPORATION,1,1,Y,LUTHER BURBANK CORP,7260826,,825028,
3814310,2022-03-31,"AXOS FINANCIAL, INC.",,0,Y,AXOS FNCL,16080950,,2022172,
3815157,2022-03-31,"RAYMOND JAMES FINANCIAL, INC.",1,1,Y,RAYMOND JAMES FNCL,73100448,,11604262,
3818390,2022-03-31,"SPIRIT OF TEXAS BANCSHARES, INC.",1,1,Y,SPIRIT OF TX BSHRS,,,424508,
3818804,2022-03-31,BEAL FINANCIAL CORPORATION,1,1,Y,BEAL FNCL CORP,12082911,,3590016,
3820272,2022-03-31,"MORGAN STANLEY DOMESTIC HOLDINGS, INC.",2,1,Y,MORGAN STANLEY DOMESTIC HOLD,,,160170976,
3820290,2022-03-31,"MORGAN STANLEY CAPITAL MANAGEMENT, LLC",2,1,Y,MORGAN STANLEY CAP MGMT LLC,,,66273904,
3821916,2022-03-31,"FIRST COMMAND FINANCIAL SERVICES, INC.",,0,Y,FIRST COMMAND FNCL SVC,,,388766,
3823844,2022-03-31,"NEXBANK CAPITAL, INC.",1,1,Y,NEXBANK CAP,11731150,,965668,
3828036,2022-03-31,"THIRD FEDERAL SAVINGS AND LOAN ASSOCIATION OF CLEVELAND, MHC",,0,Y,THIRD FS&LA OF CLEVELAND MHC,14580835,,1704840,
3828045,2022-03-31,TFS FINANCIAL CORPORATION,,0,Y,TFS FINANCIAL CORP,,,1804351,
3832293,2022-03-31,FIDELITY FEDERAL BANCORP,,0,Y,FIDELITY FED BC,,,412499,
3835164,2022-03-31,"SILVER QUEEN FINANCIAL SERVICES, INC.",,0,Y,SILVER QUEEN FS,,,283694,
3838727,2022-03-31,"HILLTOP HOLDINGS, INC",1,1,Y,HILLTOP HOLD,18356956,,2851299,
3838811,2022-03-31,"DIAMOND A FINANCIAL, LP",1,1,Y,DIAMOND A FNCL LP,,,459659,
3839201,2022-03-31,"FIRST FEDERAL BANCORP, INC.",,0,Y,FIRST FED BC,,,319251,
3842658,2022-03-31,FIRST FOUNDATION INC.,1,1,Y,FIRST FOUND,10476172,,1277336,
3842957,2022-03-31,"HAWAIIAN ELECTRIC INDUSTRIES, INC.",,0,Y,HAWAIIAN ELEC IND,,,2982055,
3842975,2022-03-31,"ASB HAWAII, INC.",,0,Y,ASB HI,,,615009,
3843075,2022-03-31,JOHN DEERE CAPITAL CORPORATION,,0,Y,JOHN DEERE CAP CORP,,,35553986,
3843507,2022-03-31,"HOMESTREET, INC.",1,1,Y,HOMESTREET,7510894,,829566,
3844269,2022-03-31,WSFS FINANCIAL CORPORATION,,0,Y,WSFS FNCL CORP,20964674,,2863672,
3846375,2022-03-31,DISCOVER FINANCIAL SERVICES,1,1,Y,DISCOVER FS,107412248,,17867918,
3846405,2022-03-31,"FIRST FEDERAL BANCORP, MHC",,0,Y,FIRST FED BC,,,283207,
3848931,2022-03-31,"PEDCOR FINANCIAL, LLC",,0,Y,PEDCOR FNCL LLC,,,309485,
3848940,2022-03-31,PEDCOR FINANCIAL BANCORP,,0,Y,PEDCOR FNCL BC,,,432626,
3851191,2022-03-31,"HOME BANCORP, INC.",1,1,Y,HOME BC,,,337701,
3852022,2022-03-31,"FLAGSTAR BANCORP, INC.",,0,Y,FLAGSTAR BC,23243975,,3141888,
3852031,2022-03-31,"STERLING BANCORP, INC.",,0,Y,STERLING BC,,,409695,
3857308,2022-03-31,NCB FINANCIAL CORPORATION,1,1,Y,NCB FC,,,374237,
3864614,2022-03-31,"MARK AND PAMELA OKADA FAMILY TRUST, THE",1,1,Y,MARK & PAMELA OKADA FAM TR,,,53309,
3867147,2022-03-31,"IB FINANCE HOLDING COMPANY, LLC",1,1,Y,IB FNC HC LLC,,,15573000,
3882739,2022-03-31,AMERANT FLORIDA BANCORP INC,1,1,Y,AMERANT FL BC,,,828271,
3884863,2022-03-31,"LIVE OAK BANCSHARES, INC.",1,1,Y,LIVE OAK BSHRS,8619966,,793105,
3903661,2022-03-31,"CROSSFIRST BANKSHARES, INC.",1,1,Y,CROSSFIRST BSHRS,5517851,,633497,
3932072,2022-03-31,MIDDLESEX BANCORP MHC,1,1,Y,MIDDLESEX BC MHC,6011746,,646589,
3973888,2022-03-31,NATIONAL BANK HOLDINGS CORPORATION,1,1,Y,NATIONAL BK HOLDS CORP,7341512,,863789,
3981856,2022-03-31,"SANTANDER HOLDINGS USA, INC.",1,1,Y,SANTANDER HOLDS USA,153786178,,32321346,
4028712,2022-03-31,"BANKUNITED, INC.",1,1,Y,BANKUNITED,36336896,,3603483,
4057262,2022-03-31,GREEN DOT CORPORATION,1,1,Y,GREEN DOT CORP,,,1438469,5028557
4090054,2022-03-31,INVESTAR HOLDING CORPORATION,1,1,Y,INVESTAR HC,2572746,,286388,
4105266,2022-03-31,"VERITEX HOLDINGS, INC.",1,1,Y,VERITEX HOLD,10453680,,1680787,
4122722,2022-03-31,NORTHWEST BANCSHARES INC,1,1,Y,NORTHWEST BSHRS,14488373,,1776780,
4176855,2022-03-31,RBB BANCORP,1,1,Y,RBB BC,,,657105,
4226910,2022-03-31,"CAPITOL FEDERAL FINANCIAL, INC.",,0,Y,CAPITOL FED FNCL,,,1174928,9547894
4284536,2022-03-31,"CUSTOMERS BANCORP, INC",1,1,Y,CUSTOMERS BC,19178118,,1676072,
4366003,2022-03-31,"HOMETRUST BANCSHARES, INC.",1,1,Y,HOMETRUST BSHRS,,,395192,
4369808,2022-03-31,CAPE COD FIVE MUTUAL COMPANY,1,1,Y,CAPE COD FIVE MUT CO,,,479030,
4389329,2022-03-31,"CRB GROUP, INC.",1,1,Y,CRB GRP,,,,8945571
4400336,2022-03-31,WORKERS UNITED,1,1,Y,WORKERS UNITED,,,181777,
4414137,2022-03-31,PLAINSCAPITAL CORPORATION,1,1,Y,PLAINSCAPITAL CORP,,,1842938,
4436559,2022-03-31,NEW HAMPSHIRE MUTUAL BANCORP,3,1,Y,NEW HAMPSHIRE MUT BC,,,300596,
4504654,2022-03-31,SYNCHRONY FINANCIAL,,0,Y,SYNCHRONY FNCL,95267000,,20585000,
4523431,2022-03-31,"WATERSTONE FINANCIAL, INC.",,0,Y,WATERSTONE FNCL,,,417099,
4529367,2022-03-31,"GJF FINANCIAL MANAGEMENT II, LLC",1,1,Y,GJF FNCL MGMT II LLC,,,14624,
4529385,2022-03-31,"FORD MANAGEMENT II, L.P.",1,1,Y,FORD MGMT II LP,,,22680,
4529394,2022-03-31,"FORD ULTIMATE MANAGEMENT II, LLC",1,1,Y,FORD ULTIMATE MGMT II LLC,,,235,
4529406,2022-03-31,"FORD FAMILY INVESTMENT, LP",1,1,Y,FORD FAM INV LP,,,136167,
4529415,2022-03-31,"FORD FINANCIAL FUND II, L.P.",1,1,Y,FORD FNCL FUND II LP,,,879269,
4738879,2022-03-31,LENDINGCLUB CORPORATION,1,1,Y,LENDINGCLUB CORP,,,1318366,
4759650,2022-03-31,2011 TCRT,1,1,Y,2011 TCRT,,,40507,
4759669,2022-03-31,"EB ACQUISITION COMPANY, LLC",1,1,Y,EB ACQ CO LLC,18900207,,879202,
4846998,2022-03-31,UBS AMERICAS HOLDING LLC,,0,Y,UBS AMERS HOLD LLC,211141730,,57187860,
4933272,2022-03-31,"CAPSTAR FINANCIAL HOLDINGS, INC.",1,1,Y,CAPSTAR FNCL HOLDS,,,398903,
4970802,2022-03-31,"SLHC TRUST, THE",1,1,Y,SLHC TR,,,312650,
4973353,2022-03-31,"HARBORONE BANCORP, INC.",1,1,Y,HARBORONE BC,,,689292,
4989420,2022-03-31,BANCWEST HOLDING INC.,1,1,Y,BANCWEST HOLD,,,12991592,
5006575,2022-03-31,BARCLAYS US LLC,1,1,Y,BARCLAYS US LLC,173847000,,24918000,
5014141,2022-03-31,CIBC BANCORP USA INC.,1,1,Y,CIBC BC USA,66733208,,18221650,
5034792,2022-03-31,MIZUHO AMERICAS LLC,1,1,Y,MIZUHO AMERS LLC,51797000,,6206205,
5064641,2022-03-31,JPMORGAN CHASE HOLDINGS LLC,1,1,Y,JPMORGAN CHASE HOLDS LLC,,,235743000,
5149016,2022-03-31,DWS USA CORPORATION,,0,Y,DWS USA CORP,,,1857397,
5213690,2022-03-31,"DIAMOND HTH STOCK COMPANY GP, LLC",1,1,Y,DIAMOND HTH STOCK CO GP LLC,,,1,
5213702,2022-03-31,"DIAMOND HTH STOCK COMPANY, LP",1,1,Y,DIAMOND HTH STOCK CO LP,,,4577,
5218097,2022-03-31,DOLLAR MUTUAL BANCORP,,0,Y,DOLLAR MUT BC,11250330,,1080892,
5280254,2022-03-31,RBC US GROUP HOLDINGS LLC,2,1,N,RBC US GRP HOLDS LLC,174446769,,29643417,
5300273,2022-03-31,"SOCIAL FINANCE, INC.",1,1,Y,SOCIAL FNC,,,6769636,
5375431,2022-03-31,"FORD FINANCIAL FUND III, L.P.",1,1,Y,FORD FNCL FUND III LP,,,1045683,
5375440,2022-03-31,"FORD MANAGEMENT III, L.P.",1,1,Y,FORD MGMT III LP,,,31517,
5375459,2022-03-31,EB ACQUISITION COMPANY II LLC,1,1,Y,EB ACQ CO II LLC,18900207,,1045601,
5478903,2022-03-31,"CSBH, LLC",1,1,Y,CSBH LLC,,,18541,132993
5530258,2022-03-31,"CARTER BANKSHARES, INC.",1,1,Y,CARTER BSHRS,,,359834,
5559343,2022-03-31,AMALGAMATED FINANCIAL CORP,1,1,Y,AMALGAMATED FNCL CORP,7660329,,611639,
5586871,2022-03-31,"SOFI TECHNOLOGIES, INC.",1,1,Y,SOFI TECHS,12246574,,6740505,
